<!-->
	<Recipe timeRequired="NUMBER" power="NUMBER">
		<input>
			<fluidStack>FLUID NAME SIZE</fluidStack>
			<itemStack>ITEM_NAME SIZE META</itemStack>
			<oreDict>OREDICT_NAME SIZE</oreDict>
        </input>
		<output>
			<fluidStack>FLUID_NAME SIZE</fluidStack>
			<itemStack>ITEM_NAME SIZE META</itemStack>
			<oreDict>OREDICT_NAME SIZE</oreDict>
		</output>
	</Recipe>
	
	Can have Multiple In/Outputs
	Some Machines can only Accept either Fluids or Items
	
	timeRequired="NUMBER"	how long a Recipe takes, Unit is in Ticks.
	power="NUMBER" how much Power the Recipes takes per Tick. Unit is in RF.
	
	The "useDefault" attribute will prevent loading of recipes if set to "false"
<!-->
<Recipes useDefault="true">
	<Recipe timeRequired="100" power ="2">
		<input>
			<itemStack>libvulpes:productsheet 2 6</itemStack>
			<fluidStack>water 100</fluidStack>
		</input>
		<output>
			<itemStack>advancedrocketry:pressuretank 1 1</itemStack>
		</output>
	</Recipe>
	<Recipe timeRequired="100" power ="4">
		<input>
			<itemStack>libvulpes:productsheet 2 9</itemStack>
			<fluidStack>water 100</fluidStack>
		</input>
		<output>
			<itemStack>advancedrocketry:pressuretank 1 2</itemStack>
		</output>
	</Recipe>
	<Recipe timeRequired="400" power ="8">
		<input>
			<itemStack>libvulpes:productsheet 2 7</itemStack>
			<fluidStack>water 100</fluidStack>
		</input>
		<output>
			<itemStack>advancedrocketry:pressuretank 1 3</itemStack>
		</output>
	</Recipe>
	<Recipe timeRequired="100" power ="1">
		<input>
			<itemStack>libvulpes:productsheet 2 1</itemStack>
			<fluidStack>water 100</fluidStack>
		</input>
		<output>
			<itemStack>advancedrocketry:pressuretank</itemStack>
		</output>
	</Recipe>
	<Recipe timeRequired="300" power ="200">
		<input>
			<oreDict>plateIron</oreDict>
			<fluidStack>water 100</fluidStack>
		</input>
		<output>
			<itemStack>libvulpes:productsheet 1 1</itemStack>
		</output>
	</Recipe>
	<Recipe timeRequired="300" power ="200">
		<input>
			<oreDict>plateCopper</oreDict>
			<fluidStack>water 100</fluidStack>
		</input>
		<output>
			<itemStack>libvulpes:productsheet 1 4</itemStack>
		</output>
	</Recipe>
	<Recipe timeRequired="300" power ="200">
		<input>
			<oreDict>plateSteel</oreDict>
			<fluidStack>water 100</fluidStack>
		</input>
		<output>
			<itemStack>libvulpes:productsheet 1 6</itemStack>
		</output>
	</Recipe>
	<Recipe timeRequired="300" power ="200">
		<input>
			<oreDict>plateTitanium</oreDict>
			<fluidStack>water 100</fluidStack>
		</input>
		<output>
			<itemStack>libvulpes:productsheet 1 7</itemStack>
		</output>
	</Recipe>
	<Recipe timeRequired="300" power ="200">
		<input>
			<oreDict>plateAluminum</oreDict>
			<fluidStack>water 100</fluidStack>
		</input>
		<output>
			<itemStack>libvulpes:productsheet 1 9</itemStack>
		</output>
	</Recipe>
	<Recipe timeRequired="300" power ="200">
		<input>
			<oreDict>plateTitaniumAluminide</oreDict>
			<fluidStack>water 100</fluidStack>
		</input>
		<output>
			<itemStack>advancedrocketry:productsheet</itemStack>
		</output>
	</Recipe>
	<Recipe timeRequired="300" power ="200">
		<input>
			<oreDict>plateTitaniumIridium</oreDict>
			<fluidStack>water 100</fluidStack>
		</input>
		<output>
			<itemStack>advancedrocketry:productsheet 1 1</itemStack>
		</output>
	</Recipe>
	<Recipe timeRequired="300" power ="20">
		<input>
			<oreDict>ingotAluminum 2</oreDict>
			<fluidStack>water 100</fluidStack>
		</input>
		<output>
			<itemStack>thermalfoundation:material 1 324</itemStack>
		</output>
	</Recipe>
	<Recipe timeRequired="300" power ="20">
		<input>
			<oreDict>ingotLumium</oreDict>
			<fluidStack>water 100</fluidStack>
		</input>
		<output>
			<itemStack>thermalfoundation:material 1 358</itemStack>
		</output>
	</Recipe>
	<Recipe timeRequired="300" power ="20">
		<input>
			<oreDict>ingotAdvancedAlloy</oreDict>
			<fluidStack>water 100</fluidStack>
		</input>
		<output>
			<itemStack>techreborn:plates 1 35</itemStack>
		</output>
	</Recipe>
	<Recipe timeRequired="300" power ="20">
		<input>
			<oreDict>ingotSignalum</oreDict>
			<fluidStack>water 100</fluidStack>
		</input>
		<output>
			<itemStack>thermalfoundation:material 1 357</itemStack>
		</output>
	</Recipe>
	<Recipe timeRequired="300" power ="20">
		<input>
			<oreDict>ingotTitanium</oreDict>
			<fluidStack>water 100</fluidStack>
		</input>
		<output>
			<itemStack>techreborn:plates 1 30</itemStack>
		</output>
	</Recipe>
	<Recipe timeRequired="300" power ="20">
		<input>
			<oreDict>ingotRefinedIron</oreDict>
			<fluidStack>water 100</fluidStack>
		</input>
		<output>
			<itemStack>techreborn:plates 1 34</itemStack>
		</output>
	</Recipe>
	<Recipe timeRequired="300" power ="20">
		<input>
			<oreDict>ingotIridiumAlloy</oreDict>
			<fluidStack>water 100</fluidStack>
		</input>
		<output>
			<itemStack>techreborn:plates 1 37</itemStack>
		</output>
	</Recipe>
	<Recipe timeRequired="300" power ="20">
		<input>
			<oreDict>ingotCopper 2</oreDict>
			<fluidStack>water 100</fluidStack>
		</input>
		<output>
			<itemStack>thermalfoundation:material 1 320</itemStack>
		</output>
	</Recipe>
	<Recipe timeRequired="300" power ="20">
		<input>
			<oreDict>ingotEnderium</oreDict>
			<fluidStack>water 100</fluidStack>
		</input>
		<output>
			<itemStack>thermalfoundation:material 1 359</itemStack>
		</output>
	</Recipe>
	<Recipe timeRequired="300" power ="20">
		<input>
			<oreDict>ingotBronze</oreDict>
			<fluidStack>water 100</fluidStack>
		</input>
		<output>
			<itemStack>thermalfoundation:material 1 355</itemStack>
		</output>
	</Recipe>
	<Recipe timeRequired="300" power ="20">
		<input>
			<oreDict>ingotGold</oreDict>
			<fluidStack>water 100</fluidStack>
		</input>
		<output>
			<itemStack>thermalfoundation:material 1 33</itemStack>
		</output>
	</Recipe>
	<Recipe timeRequired="300" power ="20">
		<input>
			<oreDict>ingotSilver 2</oreDict>
			<fluidStack>water 100</fluidStack>
		</input>
		<output>
			<itemStack>thermalfoundation:material 1 322</itemStack>
		</output>
	</Recipe>
	<Recipe timeRequired="300" power ="20">
		<input>
			<oreDict>ingotIridium 2</oreDict>
			<fluidStack>water 100</fluidStack>
		</input>
		<output>
			<itemStack>thermalfoundation:material 1 327</itemStack>
		</output>
	</Recipe>
	<Recipe timeRequired="300" power ="20">
		<input>
			<oreDict>ingotTungstensteel</oreDict>
			<fluidStack>water 100</fluidStack>
		</input>
		<output>
			<itemStack>techreborn:plates 1 32</itemStack>
		</output>
	</Recipe>
	<Recipe timeRequired="300" power ="20">
		<input>
			<oreDict>ingotBrass</oreDict>
			<fluidStack>water 100</fluidStack>
		</input>
		<output>
			<itemStack>techreborn:plates 1 17</itemStack>
		</output>
	</Recipe>
	<Recipe timeRequired="300" power ="20">
		<input>
			<oreDict>ingotIron</oreDict>
			<fluidStack>water 100</fluidStack>
		</input>
		<output>
			<itemStack>thermalfoundation:material 1 32</itemStack>
		</output>
	</Recipe>
	<Recipe timeRequired="300" power ="20">
		<input>
			<oreDict>ingotUranium</oreDict>
			<fluidStack>water 100</fluidStack>
		</input>
		<output>
			<itemStack>immersiveengineering:metal 1 35</itemStack>
		</output>
	</Recipe>
	<Recipe timeRequired="300" power ="20">
		<input>
			<oreDict>ingotPlatinum 2</oreDict>
			<fluidStack>water 100</fluidStack>
		</input>
		<output>
			<itemStack>thermalfoundation:material 1 326</itemStack>
		</output>
	</Recipe>
	<Recipe timeRequired="300" power ="20">
		<input>
			<oreDict>ingotTungsten</oreDict>
			<fluidStack>water 100</fluidStack>
		</input>
		<output>
			<itemStack>techreborn:plates 1 31</itemStack>
		</output>
	</Recipe>
	<Recipe timeRequired="300" power ="20">
		<input>
			<oreDict>ingotLead 2</oreDict>
			<fluidStack>water 100</fluidStack>
		</input>
		<output>
			<itemStack>thermalfoundation:material 1 323</itemStack>
		</output>
	</Recipe>
	<Recipe timeRequired="300" power ="20">
		<input>
			<oreDict>ingotChrome</oreDict>
			<fluidStack>water 100</fluidStack>
		</input>
		<output>
			<itemStack>techreborn:plates 1 19</itemStack>
		</output>
	</Recipe>
	<Recipe timeRequired="300" power ="20">
		<input>
			<oreDict>ingotSilicon</oreDict>
			<fluidStack>water 100</fluidStack>
		</input>
		<output>
			<itemStack>libvulpes:productplate 1 3</itemStack>
		</output>
	</Recipe>
	<Recipe timeRequired="300" power ="20">
		<input>
			<oreDict>ingotTitaniumAluminide</oreDict>
			<fluidStack>water 100</fluidStack>
		</input>
		<output>
			<itemStack>advancedrocketry:productplate</itemStack>
		</output>
	</Recipe>
	<Recipe timeRequired="300" power ="20">
		<input>
			<oreDict>ingotMithril</oreDict>
			<fluidStack>water 100</fluidStack>
		</input>
		<output>
			<itemStack>thermalfoundation:material 1 328</itemStack>
		</output>
	</Recipe>
	<Recipe timeRequired="300" power ="20">
		<input>
			<oreDict>ingotSteel</oreDict>
			<fluidStack>water 100</fluidStack>
		</input>
		<output>
			<itemStack>thermalfoundation:material 1 352</itemStack>
		</output>
	</Recipe>
	<Recipe timeRequired="300" power ="20">
		<input>
			<oreDict>ingotCarbon</oreDict>
			<fluidStack>water 100</fluidStack>
		</input>
		<output>
			<itemStack>techreborn:plates 1 2</itemStack>
		</output>
	</Recipe>
	<Recipe timeRequired="300" power ="20">
		<input>
			<oreDict>ingotElectrum</oreDict>
			<fluidStack>water 100</fluidStack>
		</input>
		<output>
			<itemStack>thermalfoundation:material 1 353</itemStack>
		</output>
	</Recipe>
	<Recipe timeRequired="300" power ="20">
		<input>
			<oreDict>ingotZinc</oreDict>
			<fluidStack>water 100</fluidStack>
		</input>
		<output>
			<itemStack>techreborn:plates 1 33</itemStack>
		</output>
	</Recipe>
	<Recipe timeRequired="300" power ="20">
		<input>
			<oreDict>ingotTin 2</oreDict>
			<fluidStack>water 100</fluidStack>
		</input>
		<output>
			<itemStack>thermalfoundation:material 1 321</itemStack>
		</output>
	</Recipe>
	<Recipe timeRequired="300" power ="20">
		<input>
			<oreDict>ingotNickel 2</oreDict>
			<fluidStack>water 100</fluidStack>
		</input>
		<output>
			<itemStack>thermalfoundation:material 1 325</itemStack>
		</output>
	</Recipe>
	<Recipe timeRequired="300" power ="20">
		<input>
			<oreDict>ingotInvar</oreDict>
			<fluidStack>water 100</fluidStack>
		</input>
		<output>
			<itemStack>thermalfoundation:material 1 354</itemStack>
		</output>
	</Recipe>
	<Recipe timeRequired="300" power ="20">
		<input>
			<oreDict>ingotConstantan</oreDict>
			<fluidStack>water 100</fluidStack>
		</input>
		<output>
			<itemStack>thermalfoundation:material 1 356</itemStack>
		</output>
	</Recipe>
	<Recipe timeRequired="300" power ="20">
		<input>
			<oreDict>ingotTitaniumIridium</oreDict>
			<fluidStack>water 100</fluidStack>
		</input>
		<output>
			<itemStack>advancedrocketry:productplate 1 1</itemStack>
		</output>
	</Recipe>
</Recipes>